date,name,score,nb com
2020-12-09,[Carte] comment appelle-t-on les modos d'r france selon les r√©gions,93,7
2020-12-28,Les mods de r france,12,9
2020-12-23,je demande refuge ici puisqu‚Äôapparemment r france ne plaisante pas en semaine üò§,1601,21
2020-10-29,[OC] En ce moment sur r france,345,10
2020-12-21,"Encore un bon gros thread puant sur la ""woke culture"" sur  r/france",33,8
2020-12-23,r france doesn't see race,86,9
2020-10-07,Y a-t-il un modo sur r france ?,1068,23
2020-11-30,Quand un fragile de r france vient nous visiter,27,5
2020-12-19,"RED va augmenter mon forfait de 3‚Ç¨ sans me demander mon avis, et pour une option dont je n'ai pas besoin. Que puis-je faire r france ?",12,21
2020-12-01, r/france_dlvv,2589,34
2020-11-28,"Americans discovers that the French government doesn't classify by race it's citizen (source from r france) ""Thanks! I'm reading up on it now this shit is beyond horrifying""",364,13
2020-12-29,Pro-nucl√©aire random typique de ceux qu'on trouve sur  r/France se fait remettre √† sa place par un chercheur qui sait de quoi il parle,0,9
2020-12-22,√Ä quel √¢ge avez-vous cess√© de croire en la mod√©ration d'r France?,26,11
2020-12-08,Liste des fachos selon  r/france,16,11
2020-10-07,"Encouraged by r france, here's my pixel art of the train station in Nice, France",1541,25
2020-12-07,"J'aime ma copine, aidez-moi r France",5,7
2020-11-30,L'√©tat absolu de r france (30 words novel),23,2
2020-12-06,"Everytime I see a post from r France, I think of r/nba",53,5
2020-10-30,"Chodes spreading their fame, thread on r/france ""The brigands of extremist Hindus on this sub-reddit """,49,15
2020-11-13,La mod√©ration de r france dlvv,70,10
2020-12-24,Soir√©e classique entre deux mod√©rateurs de r france,30,4
2020-12-07,"J'aime ma copine, aidez-moi r France",4,7
2020-10-30,r France thinks Pakistan is going to nuke France lmao,108,18
2021-01-06,"Meme que r France trouver ""low effort""..",29,1
2020-12-29,Les mods de r france fin,12,2
2020-12-30,Appartenir √† r francelibre = ban sur r/france,4,2
2020-10-25,Pretty much r France and r/Europe this week,234,5
2020-09-07,r france a 400 000 abonn√©s,2115,23
2020-12-09,"Un joueur de foot noir se fait d√©signer par ""Negru"" (noir en roumain) pendant un match international par un arbitre et s'insurge. Selon r France, il ne faut pas crier au racisme, et le probl√®me c'est la cancel culture.",29,9
2020-10-07,"Quelqu'un a post√© un tract d'alliance police nationale en commentaire sur r France, et je l'ai am√©lior√© pour le plaisir des mirettes",185,10
2020-12-24,Joyeux No√´l √† toute la communaut√© de r France !,22,4
2020-11-04, r/france s'insurge contre l'oppression par Amazon d'un pauvre groupe de grande distribution qui fait 44Mds‚Ç¨ de chiffre d'affaire et qui va bien s'engraisser pendant le confinement,12,4
2020-12-01,Les tar√©s de  r/merdenfrance veulent un nouveau r√©glement int√©rieur pour /r/france,10,7
2020-11-28,Philosophe muscl√© bonus r france,69,1
2020-10-18,r France debates whether it is racist: a cartoon depiction of Mohammad trying to r*pe a little blonde girl,189,14
2020-10-30,Stop going over to r France. It's cringe af. They don't our support,50,10
2020-10-30,Chaddi's brigade post on r France calling out chaddi brigading [Translation available],90,13
2021-01-13,Abus de pouvoir de Kodak400 sur  r/france,7,0
2021-01-06,"Requesting r fr - former official french subreddit, now locked with redirections to r/france and r/french, its css and style need to be updated for new reddit's users to be aware of the redirection",6,2
2020-12-07,Les gauchistes de  r/france soutiennent l'Iran contre Isra√´l,11,2
2020-11-18,La mod√©ration (kodak400) de r france l√©gitime les arrestations et violences sur des manifestants pacifiques,31,6
2020-11-05,"[effort] The world of  r/france, chapter XIII: MRAs and Incels: What Do They Know About The Pay Gap? Do They Know Things?? Let's Find Out!",102,2
2020-10-29,Fier de r france,37,10
2021-01-13,https: /np.reddit.com/r/france/comments/kwgamk/faire_sa_compta_en_plain_text_etou_en_ligne_de/gj4fmy9/,1,0
2020-09-24,"Les hommes sont exclus d' r/france, c'est pas normal !",26,7
2020-10-31,r France retaliates against Chaddi brigade,126,27
2020-11-26,In Frankreich sind 7 % der Personen √ºber 90 an COVID verstorben (x-post r france),9,2
2021-01-08, r/france hit 500k subscribers yesterday,2,1
2020-10-29,What's going on with Emmanuel Macron's devilish edits on r France?,34,3
2020-11-30,Quand j'essaye de poster des trucs int√©ressants sur r france,36,1
2021-01-09,Trump's Twitter account is suspended today. And maybe this post in r France is asking to suspend Dr. M's Twitter account as well.,2,1
2020-08-13,Rappel : r√©sultats d'un sondage d'octobre 2019 initi√© par la mod√©ration de r france concernant la diffusion de faits divers sur le sous,147,30
2020-10-20,Threads islamophobes et r√©actionnaires de la semaine du 19 au 25 octobre 2020 sur r france,51,20
2020-11-01,This person is comparing Hinduism to jihad on the kali post on r France,52,7
2020-12-02,r france est-il un rep√®re de gauchistes,0,10
2020-10-31,Blatant Hinduphobia on r France,0,20
2020-10-29,Swiss person on r france explains the British relationship with religion (translation in comments),24,5
2020-12-06,La multinationale Amazon est G√âNIALE nous expliquent plusieurs commentaires sur  r/france juste avant No√´l. +1000 upvotes en 3h.,5,4
2020-12-20,"D√©ferlante d'antis√©mitisme sur Twitter dont les auteurs s'affichent fi√®rement comme affili√©s au Maghreb ou au Levant. Selon la mod√©ration de r France, faire remarquer ce qu'on voit d√©j√† dans l'image du post est discriminatoire.",10,1
2020-10-19,Merci √† r france pour son ouverture d'esprit,15,13
2020-11-17,"Souverainiste de r france, seriez vous pr√™ts √† voter pour un parti ""centriste"" qui pronnerait le Frexit ?",0,12
2020-09-06,Transphobie ordinaire sur r france,31,7
2020-10-29, r/france met enfin en place des solutions techniques de base pour lutter contre le multi-compte et l'√©vasion de ban,36,7
2020-11-17,Please upvote to give the possibility to do the r france secret Santa. My dog for the pet tax of reddit.,1,7
2020-10-18,Parlons des modos de r france et leur polarisation politique,14,6
2020-09-15,Que faire quand on est trop facho pour MerdeInFrance mais pas assez pour r France ?,29,6
2020-09-26,Old photos from Ireland I've seen in r France,251,15
2020-12-04,"1744 R France 1 2 Ecu struck at the Orl√©ans mint only 5,916 minted",15,1
2020-10-18," r/France is using despicable acts committed by a disgusting group of a few radicals as justification for some intensely hateful rhetoric about entire religions. While the tone of the recent attack in France is important, it should not be used to spread hatred of a group of millions upon millions.",16,4
2020-10-29,"La mont√©e de racisme, islamaphobie, etc sur  r/France, √ßa se voit dans la vie r√©elle ou pas ?",25,8
2020-05-24,Bonne f√™te de l'A√Ød √† tous les musulmans de r france,1942,56
2021-01-02,r Frances?,0,1
2020-11-21,Quand Melenchon et  r/france d√©fendent le Terrorisme Islamique,6,0
2020-12-30,https: /np.reddit.com/r/france/comments/kmwcgs/mercredi_tech_20201230/ghhjejc/,1,0
2020-12-02,https: /np.reddit.com/r/france/comments/k5490z/mercredi_tech_20201202/gecv7ug/,1,0
2020-11-04,Dans Popular j'ai beaucoup de r france,0,7
2020-10-29,Un annuaire pour r France - 3√®me √©pisode,11,4
2020-10-18,Has anyone been on r france today?,9,4
2020-11-09,La mod√©ration de r france d√©fends l'usage de bots propagandistes et appelant √† la haine,16,3
2020-12-07,"[r france] Two Frenchwomen, Madeleine Mignon and Marguerite Mespoulet, traveled to Ireland in 1913. They took the earliest color photos of the country. This is Main N√≠ Tuathail, a 14 year old girl from Claddagh wearing a traditional Claddagh dress. Galway, Ireland, 26th May 1913.",68,0
2020-09-14,Je rejoins humblement la communaut√© des bannis permanents de r france.,26,7
2020-09-10,Statistiques flairistes d' r/france,53,39
2020-12-11,Recherche appartement ( r/france),1,1
2020-11-03,Need Your Help - Will Be Posting On  r/France @ November 3rd 1:00PM EST!,4,2
2020-10-25,A lire r France en dirais que les tout les musulmans de la plan√®te veulent d√©clarer la guerre a la France,0,7
2020-11-22,Analyse : r france est un squat pour boomers rouges,15,2
2020-10-01,Quand √ßa en vient √† Zemmour les rascites peuplant r France ne se cachent m√™me plus,28,3
2020-08-22,"[effort] The world of  r/france, chapter XI: Are anti-racists the real racists? It's mayocide time",75,4
2020-08-09,L'ho messo anche su r France : ),329,9
2020-10-11,"Apr√®s, on va pas cracher sur les 350 000‚Ç¨ (Grenoble en top post de  r/France mais pas pour de bonnes raisons :(",25,2
2020-12-29,"r France et ses √©ternels r√™ves humides sur les voisins : spoiler alerte, comme toujours il ne se passera rien !",1,0
2020-09-11,r France user defend Nicolas Sarkozy's racist comment in a French TV show (translation in the comments),48,5
2020-11-16,Quand tu tombes sur ton propre Alt pour le P√®re No√´l Secret de r france,85,1
2020-10-11,"J'ai √©t√© vir√© de  r/france pour avoir dit ""Jeremy Corbyn, l'ami anglais de M√©lenchon, est √©galement un Islamo-Gauchiste"". La preuve en VID√âO. Il rend hommage au r√©gime islamiste iranien et ""les droits qu'il offre"" dans une MOSQU√âE Chiite",19,4
2020-06-28,"Exemple d'une VRAIE piste cyclable, pour les maires r france",713,24
2020-10-22,"L'Islamo-Gauchisme n'existe pas selon  r/france. Selon Jacques Juliard, Historien √âm√©rite, il existe bel et bien",27,1
2020-08-27,r france defends un terroriste d'extr√™me droite en reprenant la d√©sinformation des fachos,33,4
2020-06-01,Cultural Exchange with  r/France,171,49
2020-10-28,"I found this MEA statement on the French r france subreddit, although I don't understand the language but I think they are on the same page with us.",25,2
2020-11-15,Pourquoi depuis quelques jours j‚Äôai le droit √† tous les posts de r France dans mon feed popular alors que je ne suis m√™me pas le sub ?,0,6
2020-06-20,Prediction  r/France reconfinement,461,67
2020-11-09, r/france FAQ on free speech and secularism (due to recent kerfuffles with Anglo-Saxon media),35,3
2020-06-21,"Pour ceux parlant d'autres langues et visitant d'autres subs nationaux, quelles differences voyez vous avec r france?",284,49
2020-12-10,[#855|+374|24] Meilleur enfant [r france],1,0
2020-12-07,"[r france] Two Frenchwomen, Madeleine Mignon and Marguerite Mespoulet, traveled to Ireland in 1913. They took the earliest color photos of the country. This is Main N√≠ Tuathail, a 14 year old girl from Claddagh wearing a traditional Claddagh dress. Galway, Ireland, 26th May 1913.",8,0
2020-09-20,"Caissiers   Caissi√®res de r/france, la limite de moins de 10 articles aux caisses rapides existe-t-elle vraiment ?",5,11
2020-11-26,"Comme certains transfuges de r France croient √† tort que je suis raciste, je tiens √† leur faire savoir que j'ai pass√© le test suivant avec succ√®s. Peuvent-ils en dire autant ?",9,2
2020-10-17,[Effort] Another r france story of islamophobia and casual racism toward muslims,33,3
2020-10-18,La mod√©ration de  r/france supprime une vid√©o de Mila qui lui vaut des menaces de mort permanentes,16,3
2020-05-05,Temp√™te de cerveau ‚Äì Sugg√©rez tout et n‚Äôimporte quoi pour le futur de r France,112,128
2020-12-19,[#855|+1349|75] Litt√©rature illustr√©e [r france],1,0
2020-12-27,Found one on a cross post to r france,1,0
2020-05-30,Ank√ºndigung: Subreddit-Exchange mit  r/France am Pfingstmontag | Ab jetzt wieder regelm√§√üige Exchanges,295,38
2020-11-01,11-01 12:25 - 'Well fuck r France mods they banned me because I asked them to report that sub now I don't care anything happen to France fuck it' by  u/FearlessArguments removed from /r/europe within 11-21min,2,0
2020-10-16,"Les mod√©rateurs de  r/france sont des fans des tyrans meurtriers Joseph Staline, Mao et Pol-Pot",16,2
2020-10-23,Pourquoi je vois tout les post de r france sans y √™tre subscribe ?,0,6
2020-09-01,Un jour en r france.,43,19
2020-10-16,Bilan de censure sur r france concernant le fil de discussion √† propos du professeur d√©capit√©,3,2
2020-10-20,Parlons de l'hypocrisie de certains modos de r france et de l'extr√™me gauche de merdeinfrance.,11,0
2020-08-27,r france en PLS,211,4
2020-11-01,r france supprime les commentaires que critiquent la religion,18,4
2020-11-20,"Je tenais √† poster √ßa. √áa ne plaira pas √† nos ""amis"" de r France et de r/MerdeInFrance. Tant pis, je vais sans doute √™tre encore d√©nonc√© pour manipulation de vote, suspension de compte ou bannissement par les d√©fenseurs de la libert√© d'expression !",9,2
2020-09-04,Trait√© de la d√©ch√©ance du divertissement sur r france,0,13
2020-10-25,Un commentaire sur r France d'un ex musulman,11,2
2020-09-29,"""Les Aventures de Tintin : Among Us"" by u ShiroEldah on r/france",19,2
2020-05-16,la cantine de r france c'√©tait mieux avant!,1411,37
2020-11-17,Encore des plaintes d'abus de mod√©ration sur r france,3,1
2020-08-29,J'ai √©t√© banni de  r/france √† cause de mon dernier post,49,7
2020-08-31,Message d'un Internaute √† r France,12,6
2020-09-01,Les fait divers a nouveau autoris√©s sur r france,11,5
2020-12-05,"A drawing Iposted on r France tought it belonged here , drawn by me",6,0
2020-11-03,Un peu de science pour faire face √† l'anti-science d'r france... c19study.com,9,0
2020-07-26,R france c'est aussi l'Alsace. Ma m√®re a un visiteur r√©gulier qui a la d√©licatesse de poser devant les 3 ch√¢teaux de Ribeauvill√©,516,21
2020-09-25,Mon exp√©rience sur r france,36,3
2020-11-25,https: /reddit.com/r/france/comments/k09pid/le_texte_de_loi_controvers√©_sur_la_s√©curit√©/gdi37ph/,1,0
2020-10-22,"Selon  r/france, l'Islamo-Gauchisme, c'est un pur mythe. Selon Gilles Keppel, le plus grand sp√©cialiste de l'Islam en France, il existe bel et bien",19,0
2020-08-31,Interdiction de sites √©trangers sur r france,0,8
2020-05-10,Cr√©ation de l'Ordre national de la L√©gion d'honneur de  r/france pour Knowonething,152,19
2020-11-04,"11-04 01:09 - 'More wrath because you posted it in r France :o / That being said, glad to see Tintin getting some love.' by /u/Abyssal_Groot removed from /r/belgium within 337-347min",1,0
2020-10-30,Il est interdit de dire qu'on ne peut pas r√©pondre √† cause des r√®gles de  r/france !,3,1
2020-09-14,"r france: ""ce n'est pas le Ministre qui dicte les r√®gles du sub""",12,1
2020-12-02,https: /np.reddit.com/r/france/comments/k5490z/mercredi_tech_20201202/ged2sha/,1,0
2020-10-14,r france rises up,22,1
2020-10-31,Was ist eigentlich in r france los?,5,2
2020-10-30,Sur r france c'est interdit d'appeler qq de islamo-collabo mais les accusations de facho passent comme du beurre,3,1
2020-06-15,"CR - Nouvelles r√®gles, changements, et r france a besoin de toi",107,56
2020-09-16,"Je me fais menacer de mort sur un post (r MerdeInMerdeInFrance) mais la mod√©ration (les m√™mes que r/france) me bannie, me mute et supprime le post",11,3
2020-09-03,"Dev de r france, quelles sont vos m√©thodes de travail/d√©veloppement ?",7,4
2020-09-05,"[effort] The world of  r/france, chapter XII: A new low. Of course, it's about muslims.",125,5
2020-06-24,Colbert √©tait un grand homme mais r france ne sait plus pourquoi,18,5
2020-09-29,"Est que faire un ""moderator complain"" pour r france a un int√©ret ?",6,7
2020-08-05,The snowflake mods at r France,17,4
2020-10-17,Seen in r france. Can anyone translate?,5,1
2020-08-13,Les articles d'actualit√© sont maintenant prohib√©s sur r france,25,9
2020-05-21,Les gens de r Brutalism m‚Äôont dit que √ßa pourrait vous plaire. L‚ÄôHabitat 67 de Moshe Safdie. Bisous de r/France !,662,12
2020-11-22,Le retour des lois sc√©l√©rates: Discussion sur r france,7,1
2020-09-03,"""Les inconnus"" ou ""les nuls"" ? Finalement, c'√©tait qui les meilleurs pour r france ?",9,27
2020-10-04,[pro tip] Comment obtenir des haux-votes sur  r/France,0,10
2020-11-04,"[ r/france] SHould it be l'Allemagne s'a conquis Tallinn or l'Allemagne a conquis Tallinn, when i want to say that Germany conquered Tallinn?",1,0
2020-05-03,Este sub j√° bateu o r france como a maior comunidade em l√≠ngua n√£o inglesa do Reddit,969,25
2020-11-16,https: /reddit.com/r/france/comments/jv74mi/pourquoi_voir_holdup/gci0itr/,1,0
2020-10-30,"La Libert√© d'expression, un droit fondamental, est en train d'√™tre attaqu√© ! Plus que jamais profiter de ce moment pour observer les √©changes sur r france et rep√©rer des gens m√©contents avec la mod√©ration.",4,0
2020-09-18,Rem√®de contre le coronavirus - croix-poteau de  r/France,10,1
2020-10-18,Just Unsub r france.,0,3
2020-07-22,"Adama Traor√© est accus√© de viols r√©p√©t√©s sur un co-d√©tenu.  r/france en profite pour justifier son meurtre par la police, faire preuve d'homophobie, d'antif√©minisme, etc.",34,7
2020-08-13,r France banne les faits divers pour le mois d'aout,26,9
2020-11-30,Crosspost from  r/France. Haha even the rich dad poor dad guru mlm is over there,8,1
2020-07-14,"Dans la colo patriotique qu'est r france, on aime voir les jeunes racis√©s soumis par l'arm√©e",11,4
2020-04-01,Pendant ce temps sur r france,810,62
2020-10-29,Rappel : nous tenons des comptes √† votre disposition afin de vous aider √† respecter les r√®gles de  r/france,5,2
2020-11-26,"Tu nous entends r France, tu nous entends ? Quand un poteau r/France devient une chanson de Fauve",1,0
2020-10-18,"[#204|+4243|481] I got banned on r Europe for posting this."" There is a thin line between fundamentalism and extremism"" [r/france]",2,0
2020-09-28,"L'expert justice d' r/france nous offre une nouvelle analyse nuanc√©e, il est logiquement applaudi",2,3
2020-06-03,Citer les statistiques du FBI est interdit sur r france,29,5
2020-05-07,"Bonjour  r/France. I've gotten into baking during quarantine, rate my baguettes?",884,57
2020-05-30,Le site Actu17 est d√©sormais en spam-list sur r France,51,26
2020-09-25,Bilan de censure sur r france √† propos du dernier attaque terroriste √† Paris,5,2
2020-04-01,"r France moderators decide to follow in the government footsteps and require every comment in the subreddit on april 1st to have a ""justified reason for posting"".",2133,30
2020-08-10,"Ed √© qui che finisce la mia missione su r France,√© stato bello",8,2
2020-11-04,11-04 02:09 - 'I was told by r France to post here or face your wrath. We are American btw' by /u/SnooDoughnuts5600 removed from /r/belgium within 518-528min,1,0
2020-10-20,Je vais m√™me d√©sinstaller mon appli Reddit parce que √ßa me fait trop peur de voir ce qui se dit sur r france.,4,3
2020-10-30,Sur r france c'est interdit de dire qu'une religion c'est une merde.,3,0
2020-12-08,"[#519|+577|88] Penalty sur Neymar, la VAR est formelle [r france]",1,0
2020-11-02,https: /reddit.com/r/france/comments/jmjekm/lundiatribe_20201102/gavvm6p/,1,0
2020-10-18,[r france] This is John Dowling an Irish teacher who taught in France for 20 years. Brutally murdered in 2018 by an expelled student who claimed he had ''insulted'' the Prophet Mohammed. How many more teachers are going to be murdered for ''insulting'' a religion?,1,0
2020-06-14,La mod√©ration de r france lock un post un peu trop g√™nant et ne le r√©-ouvre pas,20,8
2020-09-01,Bon app√©tit r france,0,5
2020-11-19," r/france - ""J'ai re√ßu ceci dans dans mon courrier... Qu'est ce que le fuck ? (Traduction appr√©ci√©e au cas o√π)""",1,0
2020-10-22,Come on R France viendez !,3,0
2020-08-11,R FRANCE est-il devenu une poubelle √† ciel ouvert ?,0,14
2020-11-03,11-03 18:26 - 'Our friends from  r/France explaining freedom of expression and Charlie Hebdo (for use in foreign subs)' (self.france) by /u/x178 removed from /r/belgium within 34-44min - reason: [],1,0
2020-10-20,"Hey, do you guys know r france ?",6,0
2020-08-07,"Hello France üá´üá∑ , this may be one of the craziest requests you‚Äôve seen on this subreddit but I think it would be worth your time to at least give it a read! (I was sent here from r France in hopes that this might be a better place to ask!)",28,10
2020-11-01,r france supprime les commentaires qui critiquent la religion,6,0
2020-10-20,r france is here,6,0
2020-10-18,"10-18 14:25 - 'Amen, but the French center & left doesn't see it that way, to them we don't have a problem with islam, despite the hundreds that have died because of muslim terrorism.   Just look at r/france, I got banned because...' by /u/virtual_croissant removed from /r/europe within 13-23min",1,0
2020-08-12,Chronique de 72 heures de violence ordinaire en France : ce que  r/france ne veut pas voir,20,2
2020-07-01,"[effort] The world of  r/france, chapter X: New reddit rules mean you should hate asian women, apparently?",70,3
2020-08-19,Syndicat France Police on Twitter : ¬´ La police est-elle raciste ? La r√©ponse en image ! ¬ª - l'extr√™me gauche de r France s'indigne sur un vid√©o clairement sarcastique et demande la censure.,6,2
2020-05-28,Un annuaire pour  r/france,13,2
2020-10-29,r France_NoCensure Lounge,1,0
2020-10-17,Mrq je vois une caricature de J√©sus sur r France,0,3
2020-07-24,On n'arr√™te plus la censure sur r france,15,3
2020-07-29,"La gauche Orwellienne approche dans nos √©coles, r france tremble",26,4
2020-08-11,Le karma sur r france / reddit,0,11
2020-07-13,Journalistes de r france? Parlez nous de vous!,22,4
2020-04-01,r france aujourd'hui,82,4
2020-08-30,Lu sur  r/france : UN SEUL palestinien est mort. C'est donc la preuve que Isra√´l est une DICTATURE,2,3
2020-08-30,C'est marrant de voir r france s'indigner contre la censure quand les modos de r/france censurent des commentaires et publications pour motifs aussi bidons...,9,1
2020-03-09,Ok boomer francophone sur r France,488,25
2020-06-06,"Vous avez s√ªrement entendu parler de  r/France et de ses poteaux sur les fronti√®res et sur la Louisiane, mais saviez sous que c'√©tait √©galement un pays ?",525,25
2020-06-23,Les fachos et leur alli√©s centristes promeuvent librement la supr√©matie blanche et des slogans racistes sur r France,22,10
2020-05-30,Est-ce qu'il y a des r√©serviste Arm√©e de terre sur r France ?,25,10
2020-08-06,"Racisme et mod√©ration sur r France, une exp√©rience..",10,5
2020-06-05,Question pour les informaticiens de r france,5,22
2020-11-04,"11-04 06:07 - 'More wrath because you posted it in r France :o / That being said, glad to see Tintin getting some love.' by /u/Abyssal_Groot removed from /r/belgium within 537-547min",1,0
2020-05-29,Your support has been so great last week. I did the Hancock (I know it changed name too... What‚Äôs with changing building names ?). Hope you like it as well! Cheers from r France,221,11
2020-06-22,"[Wololo professionnel]Dites r france, comment vous vous √™tes reconvertis ?",30,8
2020-06-16,Rappel - r france recrute des nouveaux mod√©rateurs,16,12
2020-11-21,"Euuuh, what the fuck r france, c'est chaud votre d√©lire avec nhenta√Ø l√†...",1,0
2020-07-30,"r france, j'ai besoin de vos conseils en mati√®re de th√©rapie",7,8
2020-06-17,"r France poste du contexte (et en profite pour l√¢cher quelques ""elle l'a bien cherch√© quand m√™me !"")",15,4
2020-10-26,"Encouraged by r france, here's my pixel art of the train station in Nice, France",1,0
2020-10-16,10-16 21:37 - 'There is a discussion about this on r france' by /u/massi1008 removed from /r/europe within 62-72min,1,0
2020-08-10,Mi hanno bannnato da r france,6,5
2020-09-21,L'humour de r france s'est renouvel√©,1,2
2020-05-25,Mise √† jour du wiki d' r/france,68,6
2020-08-19,Saw this in r France. la laideur est la vraie gloire,20,2
2020-10-31,"[#111|+4108|274] Alright. Sweden here, heard you were being boycotted. I present you tonight‚Äôs computer dinner. [r france]",1,0
2020-03-23,"Thread centralisant les dogwhistling, propos et obsessions racistes de r france",30,11
2020-11-07,"""LSD"" in  r/france: AJA : L'histoire des 'enfants de la Creuse' -- ""..B4le_de_Michel_Debr%C3%A9)[LSD la s√©rie documentaire..""",2,0
2020-05-27,"Bonsoir r france, je vous propose en cette heure tr√®s matinale un petit exercice de r√©flexion.",0,9
2020-04-03,Lyc√©ens d'r France : que ressentez-vous par rapport √† l‚Äôannulation des √©preuves du bac ?,21,8
